100014962631116,2021-10-29 14:15:01.603000,Tutut
100014962631116,2021-10-29 15:15:20.968000,Tutut
100014962631116,2021-10-30 11:11:17.085000,Tutut
100040105721223,2021-10-30 12:12:06.785000,Tutut
100014962631116,2021-10-30 17:17:53.269000,Tutut
100014962631116,2021-10-30 23:23:32.125000,Tutut
100040105721223,2021-10-31 14:14:24.670000,Tutut
100040105721223,2021-10-31 15:15:25.605000,Tutut
100014962631116,2021-10-31 15:15:51.599000,Tutut
100040105721223,2021-10-31 18:18:10.733000,Tutut
100014962631116,2021-10-31 18:18:15.914000,Tutut
100014962631116,2021-10-31 19:19:04.435000,Tutut
100014962631116,2021-10-31 21:21:01.801000,Tutut
100040105721223,2021-11-01 10:10:50.721000,Tutut
100014962631116,2021-11-01 10:10:57.916000,Tutut
100014962631116,2021-11-01 14:14:48.989000,Tutut
100040105721223,2021-11-01 18:18:40.608000,Tutut
100014962631116,2021-11-01 19:19:09.007000,Tutut
100014962631116,2021-11-02 11:11:56.446000,Tutut
100040105721223,2021-11-02 15:15:27.432000,Tutut
100040105721223,2021-11-02 21:21:18.912000,Tutut
100014962631116,2021-11-02 22:22:21.071000,Tutut
100014962631116,2021-11-03 08:08:10.924000,Tutut
100014962631116,2021-11-03 09:09:11.680000,Tutut
100040105721223,2021-11-03 18:18:38.613000,Tutut
100040105721223,2021-11-03 21:21:57.467000,Tutut
100014962631116,2021-11-04 12:12:40.901000,Tutut
100040105721223,2021-11-04 13:13:15.729000,Tutut
100014962631116,2021-11-04 13:13:19.390000,Tutut
100014962631116,2021-11-04 16:16:28.369000,Tutut
100014962631116,2021-11-04 17:17:52.735000,Tutut
100040105721223,2021-11-04 19:19:56.506000,Tutut
100040105721223,2021-11-04 22:22:29.063000,Tutut
100014962631116,2021-11-05 12:12:08.655000,Tutut
100040105721223,2021-11-05 16:16:20.067000,Tutut
100014962631116,2021-11-05 23:23:05.051000,Tutut
100040105721223,2021-11-06 10:10:24.231000,Tutut
100014962631116,2021-11-06 10:10:32.172000,Tutut
100040105721223,2021-11-06 11:11:47.741000,Tutut
100014962631116,2021-11-06 14:14:52.736000,Tutut
100040105721223,2021-11-06 15:15:01.742000,Tutut
100014962631116,2021-11-06 15:15:40.113000,Tutut
100040105721223,2021-11-06 17:17:22.544000,Tutut
100014962631116,2021-11-06 18:18:32.911000,Tutut
100040105721223,2021-11-07 15:15:29.043000,Tutut
100014962631116,2021-11-08 09:09:04.315000,Tutut
100040105721223,2021-11-08 12:12:12.637000,Tutut
100014962631116,2021-11-08 12:12:23.953000,Tutut
100040105721223,2021-11-08 13:13:47.283000,Tutut
100014962631116,2021-11-08 14:14:09.289000,Tutut
100014962631116,2021-11-08 17:17:32.916000,Tutut
100040105721223,2021-11-08 17:17:39.492000,Tutut
100014962631116,2021-11-08 18:18:38.034000,Tutut
100014962631116,2021-11-08 21:21:42.098000,Tutut
100014962631116,2021-11-09 08:08:30.411000,Tutut
100040105721223,2021-11-09 08:08:39.789000,Tutut
100014962631116,2021-11-09 09:09:51.333000,Tutut
100040105721223,2021-11-09 11:11:12.174000,Tutut
100040105721223,2021-11-09 12:12:30.642000,Tutut
100040105721223,2021-11-09 13:13:14.255000,Tutut
100040105721223,2021-11-09 14:14:29.661000,Tutut
100040105721223,2021-11-09 15:15:45.916000,Tutut
100040105721223,2021-11-09 16:16:46.069000,Tutut
100014962631116,2021-11-09 16:16:46.638000,Tutut
100040105721223,2021-11-09 23:23:08.317000,Tutut
100014962631116,2021-11-10 00:00:21.252000,Tutut
100014962631116,2021-11-10 09:09:11.182000,Tutut
100014962631116,2021-11-10 16:16:53.568000,Tutut
100014962631116,2021-11-10 20:20:03.731000,Tutut
100040105721223,2021-11-11 15:15:58.628000,Tutut
100040105721223,2021-11-11 18:18:20.591000,Tutut
100040105721223,2021-11-11 19:19:50.786000,Tutut
100014962631116,2021-11-11 22:22:23.359000,Tutut
100014962631116,2021-11-12 14:14:10.762000,Tutut
100014962631116,2021-11-13 17:17:08.417000,Tutut
100014962631116,2021-11-13 18:18:14.393000,Tutut
100014962631116,2021-11-14 20:20:56.424000,Tutut
100014962631116,2021-11-14 21:21:50.333000,Tutut
100040105721223,2021-11-15 16:16:48.288000,Tutut
100014962631116,2021-11-15 21:21:33.091000,Tutut
100014962631116,2021-11-15 22:22:02.009000,Tutut
100014962631116,2021-11-15 23:23:42.618000,Tutut
100014962631116,2021-11-16 09:09:14.268000,Tutut
100040105721223,2021-11-17 08:08:24.081000,Tutut
100014962631116,2021-11-17 09:09:28.575000,Tutut
100014962631116,2021-11-17 10:10:08.907000,Tutut
100014962631116,2021-11-17 11:11:29.411000,Tutut
100040105721223,2021-11-17 11:11:29.754000,Tutut
100014962631116,2021-11-17 12:12:18.133000,Tutut
100040105721223,2021-11-17 12:12:47.858000,Tutut
100040105721223,2021-11-17 13:13:22.821000,Tutut
100014962631116,2021-11-17 14:14:23.158000,Tutut
100014962631116,2021-11-17 17:17:08.792000,Tutut
100040105721223,2021-11-17 17:17:13.101000,Tutut
100014962631116,2021-11-17 22:22:22.277000,Tutut
100014962631116,2021-11-17 23:23:21.116000,Tutut
100040105721223,2021-11-18 12:12:14.091000,Tutut
100014962631116,2021-11-18 13:13:03.134000,Tutut
100014962631116,2021-11-18 15:15:52.885000,Tutut
100014962631116,2021-11-18 16:16:07.568000,Tutut
100040105721223,2021-11-18 16:16:38.555000,Tutut
100014962631116,2021-11-18 17:17:11.251000,Tutut
100014962631116,2021-11-18 20:20:06.799000,Tutut
100014962631116,2021-11-18 21:21:36.002000,Tutut
100014962631116,2021-11-19 13:13:43.185000,Tutut
100014962631116,2021-11-19 17:17:26.517000,Tutut
100014962631116,2021-11-19 19:19:44.834000,Tutut
100014962631116,2021-11-20 01:01:34.641000,Tutut
100014962631116,2021-11-20 10:10:07.982000,Tutut
100014962631116,2021-11-20 11:11:46.512000,Tutut
100014962631116,2021-11-20 14:14:06.635000,Tutut
100014962631116,2021-11-21 00:00:35.219000,Tutut
100014962631116,2021-11-21 10:10:14.863000,Tutut
100014962631116,2021-11-21 11:11:06.681000,Tutut
100014962631116,2021-11-21 14:14:09.711000,Tutut
100014962631116,2021-11-21 15:15:45.210000,Tutut
100014962631116,2021-11-21 19:19:46.353000,Tutut
100014962631116,2021-11-21 20:20:13.812000,Tutut
100040105721223,2021-11-22 09:09:52.096000,Tutut
100014962631116,2021-11-22 14:14:12.703000,Tutut
100040105721223,2021-11-23 09:09:42.521000,Tutut
100014962631116,2021-11-23 11:11:27.664000,Tutut
100040105721223,2021-11-24 07:07:17.710000,Tutut
100014962631116,2021-11-24 11:11:08.265000,Tutut
100040105721223,2021-11-24 11:11:15.643000,Tutut
100040105721223,2021-11-24 14:14:20.267000,Tutut
100040105721223,2021-11-24 15:15:12.342000,Tutut
100014962631116,2021-11-24 17:17:42.409000,Tutut
100014962631116,2021-11-24 18:18:03.188000,Tutut
100040105721223,2021-11-24 18:18:38.780000,Tutut
100014962631116,2021-11-24 21:21:08.521000,Tutut
100040105721223,2021-11-25 09:09:30.135000,Tutut
100014962631116,2021-11-25 11:11:23.529000,Tutut
100040105721223,2021-11-25 11:11:35.048000,Tutut
100014962631116,2021-11-25 13:13:50.231000,Tutut
100040105721223,2021-11-25 15:15:36.606000,Tutut
100014962631116,2021-11-25 16:16:33.408000,Tutut
100014962631116,2021-11-25 17:17:20.189000,Tutut
100014962631116,2021-11-26 00:00:25.851000,Tutut
100040105721223,2021-11-26 08:08:13.134000,Tutut
100014962631116,2021-11-26 11:11:14.928000,Tutut
100040105721223,2021-11-26 18:18:28.421000,Tutut
100040105721223,2021-11-27 12:12:36.726000,Tutut
100014962631116,2021-11-27 14:14:32.871000,Tutut
100040105721223,2021-11-27 17:17:38.995000,Tutut
100014962631116,2021-11-27 17:17:49.175000,Tutut
100014962631116,2021-11-27 23:23:18.769000,Tutut
100040105721223,2021-11-28 06:06:59.004000,Tutut
100014962631116,2021-11-28 10:10:29.524000,Tutut
100014962631116,2021-11-28 11:11:25.750000,Tutut
100014962631116,2021-11-28 12:12:18.708000,Tutut
100040105721223,2021-11-28 12:12:52.526000,Tutut
100014962631116,2021-11-28 15:15:58.377000,Tutut
100014962631116,2021-11-28 16:16:45.114000,Tutut
100014962631116,2021-11-28 18:18:56.593000,Tutut
100040105721223,2021-11-29 11:11:26.856000,Tutut
100014962631116,2021-11-29 14:14:43.977000,Tutut
100014962631116,2021-11-29 17:17:07.259000,Tutut
100014962631116,2021-11-29 21:21:03.755000,Tutut
100040105721223,2021-11-30 09:09:36.902000,Tutut
100014962631116,2021-11-30 11:11:51.682000,Tutut
100014962631116,2021-11-30 12:12:16.319000,Tutut
100014962631116,2021-11-30 13:13:15.253000,Tutut
100040105721223,2021-11-30 14:14:56.744000,Tutut
100014962631116,2021-11-30 17:17:47.481000,Tutut
100014962631116,2021-11-30 19:19:07.623000,Tutut
100040105721223,2021-11-30 23:23:53.927000,Tutut
100014962631116,2021-12-01 01:01:41.600000,Tutut
100040105721223,2021-12-01 09:09:10.521000,Tutut
100014962631116,2021-12-01 12:12:20.240000,Tutut
100040105721223,2021-12-01 15:15:17.652000,Tutut
100040105721223,2021-12-01 16:16:18.882000,Tutut
100014962631116,2021-12-01 16:16:46.419000,Tutut
100014962631116,2021-12-01 17:17:24.487000,Tutut
100040105721223,2021-12-01 18:18:25.122000,Tutut
100014962631116,2021-12-01 22:22:07.810000,Tutut
100040105721223,2021-12-02 10:10:05.993000,Tutut
100040105721223,2021-12-02 11:11:53.886000,Tutut
100040105721223,2021-12-02 14:14:47.827000,Tutut
100040105721223,2021-12-02 23:23:23.344000,Tutut
100040105721223,2021-12-03 09:09:53.256000,Tutut
100014962631116,2021-12-03 10:10:16.554000,Tutut
100040105721223,2021-12-03 14:14:28.866000,Tutut
100014962631116,2021-12-03 15:15:07.529000,Tutut
100014962631116,2021-12-03 21:21:11.976000,Tutut
100014962631116,2021-12-03 22:22:06.518000,Tutut
100014962631116,2021-12-04 00:00:27.729000,Tutut
100014962631116,2021-12-04 11:11:08.177000,Tutut
100014962631116,2021-12-04 13:13:32.283000,Tutut
100014962631116,2021-12-04 15:15:13.220000,Tutut
100014962631116,2021-12-04 16:16:10.483000,Tutut
100014962631116,2021-12-04 17:17:13.055000,Tutut
100014962631116,2021-12-04 20:20:37.408000,Tutut
100040105721223,2021-12-04 20:20:43.796000,Tutut
100014962631116,2021-12-04 22:22:30.934000,Tutut
100014962631116,2021-12-05 13:13:02.558000,Tutut
100014962631116,2021-12-05 18:18:15.965000,Tutut
100014962631116,2021-12-05 23:23:14.615000,Tutut
100040105721223,2021-12-06 08:08:04.329000,Tutut
100040105721223,2021-12-06 09:09:03.713000,Tutut
100040105721223,2021-12-06 12:12:06.762000,Tutut
100014962631116,2021-12-06 12:12:42.656000,Tutut
100014962631116,2021-12-06 13:13:53.303000,Tutut
100040105721223,2021-12-06 15:15:51.446000,Tutut
100014962631116,2021-12-06 17:17:32.342000,Tutut
100040105721223,2021-12-06 17:17:34.799000,Tutut
100040105721223,2021-12-07 09:09:20.315000,Tutut
100040105721223,2021-12-08 11:11:33.727000,Tutut
100014962631116,2021-12-08 12:12:04.833000,Tutut
100040105721223,2021-12-08 15:15:22.386000,Tutut
100014962631116,2021-12-08 17:17:58.302000,Tutut
100040105721223,2021-12-08 18:18:11.743000,Tutut
100014962631116,2021-12-08 18:18:47.191000,Tutut
100014962631116,2021-12-08 22:26:04.734000,Tutut
100014962631116,2021-12-09 09:09:46.667000,Tutut
100040105721223,2021-12-09 10:10:48.949000,Tutut
100040105721223,2021-12-09 11:11:10.059000,Tutut
100014962631116,2021-12-09 11:11:15.373000,Tutut
100040105721223,2021-12-09 14:14:13.179000,Tutut
100040105721223,2021-12-09 15:15:38.322000,Tutut
100040105721223,2021-12-09 19:19:08.635000,Tutut
100040105721223,2021-12-09 22:22:23.593000,Tutut
100014962631116,2021-12-09 22:22:56.361000,Tutut
100014962631116,2021-12-09 23:23:09.086000,Tutut
100040105721223,2021-12-09 23:23:29.307000,Tutut
100040105721223,2021-12-10 11:11:17.629000,Tutut
100014962631116,2021-12-10 12:12:09.535000,Tutut
100014962631116,2021-12-10 14:14:00.350000,Tutut
100014962631116,2021-12-10 16:16:12.287000,Tutut
100014962631116,2021-12-10 17:17:14.449000,Tutut
100014962631116,2021-12-10 18:18:13.796000,Tutut
100014962631116,2021-12-11 13:13:04.520000,Tutut
100040105721223,2021-12-11 13:13:07.559000,Tutut
100040105721223,2021-12-11 23:23:27.502000,Tutut
100014962631116,2021-12-12 00:00:27.733000,Tutut
100014962631116,2021-12-12 10:10:13.142000,Tutut
100014962631116,2021-12-12 14:14:31.076000,Tutut
100014962631116,2021-12-12 15:15:49.122000,Tutut
100040105721223,2021-12-12 18:18:59.517000,Tutut
100014962631116,2021-12-12 22:22:13.857000,Tutut
100014962631116,2021-12-13 10:10:34.734000,Tutut
100040105721223,2021-12-13 12:12:12.315000,Tutut
100014962631116,2021-12-13 12:12:17.697000,Tutut
100014962631116,2021-12-13 13:13:09.486000,Tutut
100014962631116,2021-12-13 14:14:13.550000,Tutut
100040105721223,2021-12-14 00:00:32.210000,Tutut
100014962631116,2021-12-14 00:00:42.455000,Tutut
100014962631116,2021-12-14 09:09:07.101000,Tutut
100014962631116,2021-12-14 13:13:08.518000,Tutut
100014962631116,2021-12-14 21:21:35.281000,Tutut
100014962631116,2021-12-14 23:23:12.663000,Tutut
100040105721223,2021-12-15 01:01:24.343000,Tutut
100014962631116,2021-12-15 09:09:22.214000,Tutut
100014962631116,2021-12-15 10:10:13.261000,Tutut
100014962631116,2021-12-15 11:11:18.499000,Tutut
100014962631116,2021-12-15 13:13:01.767000,Tutut
100014962631116,2021-12-15 14:14:10.510000,Tutut
100040105721223,2021-12-15 19:19:50.024000,Tutut
100040105721223,2021-12-15 21:21:12.669000,Tutut
100014962631116,2021-12-15 21:21:19.054000,Tutut
100040105721223,2021-12-15 22:22:02.054000,Tutut
100014962631116,2021-12-15 23:23:21.876000,Tutut
100040105721223,2021-12-16 11:11:56.513000,Tutut
100040105721223,2021-12-16 12:12:42.025000,Tutut
100040105721223,2021-12-16 13:13:12.289000,Tutut
100040105721223,2021-12-16 14:14:37.054000,Tutut
100014962631116,2021-12-16 14:14:58.063000,Tutut
100040105721223,2021-12-16 15:15:36.892000,Tutut
100040105721223,2021-12-16 17:17:37.764000,Tutut
100040105721223,2021-12-16 22:22:11.190000,Tutut
100014962631116,2021-12-16 23:23:34.215000,Tutut
100014962631116,2021-12-17 09:09:16.141000,Tutut
100014962631116,2021-12-17 12:12:26.232000,Tutut
100040105721223,2021-12-17 12:12:32.333000,Tutut
100040105721223,2021-12-17 19:19:14.386000,Tutut
100014962631116,2021-12-17 19:19:16.721000,Tutut
100014962631116,2021-12-17 22:22:06.014000,Tutut
100014962631116,2021-12-18 10:10:13.244000,Tutut
100014962631116,2021-12-18 15:15:46.838000,Tutut
100014962631116,2021-12-18 16:16:19.762000,Tutut
100014962631116,2021-12-18 17:17:24.125000,Tutut
100014962631116,2021-12-18 21:21:59.080000,Tutut
100014962631116,2021-12-18 22:22:23.381000,Tutut
100014962631116,2021-12-19 13:13:21.892000,Tutut
100014962631116,2021-12-19 18:18:36.904000,Tutut
100014962631116,2021-12-19 22:22:07.687000,Tutut
100040105721223,2021-12-20 11:11:18.825000,Tutut
100014962631116,2021-12-20 16:16:46.528000,Tutut
100014962631116,2021-12-20 18:18:58.950000,Tutut
100014962631116,2021-12-20 22:22:04.469000,Tutut
100014962631116,2021-12-21 10:10:01.966000,Tutut
100040105721223,2021-12-21 14:15:39.651000,Tutut
100014962631116,2021-12-21 18:18:34.477000,Tutut
100014962631116,2021-12-21 19:19:13.166000,Tutut
100014962631116,2021-12-22 12:12:17.697000,Tutut
100014962631116,2021-12-22 14:14:01.392000,Tutut
100014962631116,2021-12-22 16:16:20.083000,Tutut
100014962631116,2021-12-22 19:19:39.277000,Tutut
100040105721223,2021-12-23 11:11:14.557000,Tutut
100014962631116,2021-12-23 17:17:39.146000,Tutut
100014962631116,2021-12-23 18:18:50.211000,Tutut
100014962631116,2021-12-23 19:19:12.400000,Tutut
100014962631116,2021-12-24 09:09:12.017000,Tutut
100014962631116,2021-12-24 10:10:50.051000,Tutut
100014962631116,2021-12-24 11:11:51.687000,Tutut
100040105721223,2021-12-24 13:13:28.615000,Tutut
100014962631116,2021-12-24 19:19:24.766000,Tutut
100040105721223,2021-12-24 22:22:35.030000,Tutut
100014962631116,2021-12-25 11:11:37.711000,Tutut
100014962631116,2021-12-26 10:10:14.390000,Tutut
100014962631116,2021-12-26 11:11:49.814000,Tutut
100014962631116,2021-12-26 12:12:42.046000,Tutut
100014962631116,2021-12-26 16:16:32.831000,Tutut
100014962631116,2021-12-26 17:17:09.146000,Tutut
100014962631116,2021-12-26 23:23:29.357000,Tutut
100040105721223,2021-12-27 08:08:38.030000,Tutut
100014962631116,2021-12-27 10:10:01.468000,Tutut
100014962631116,2021-12-27 11:11:35.910000,Tutut
100014962631116,2021-12-27 14:14:41.539000,Tutut
100040105721223,2021-12-27 14:14:49.523000,Tutut
100040105721223,2021-12-27 18:18:13.859000,Tutut
100014962631116,2021-12-27 19:19:22.482000,Tutut
100014962631116,2021-12-27 21:21:04.077000,Tutut
100040105721223,2021-12-28 10:10:12.212000,Tutut
100014962631116,2021-12-28 18:18:16.028000,Tutut
100014962631116,2021-12-28 19:19:04.479000,Tutut
100014962631116,2021-12-28 21:21:28.571000,Tutut
100040105721223,2021-12-29 10:10:20.253000,Tutut
100014962631116,2021-12-30 09:09:15.306000,Tutut
100040105721223,2021-12-30 13:13:38.214000,Tutut
100014962631116,2021-12-30 14:14:36.214000,Tutut
100014962631116,2021-12-30 16:16:19.818000,Tutut
100040105721223,2021-12-30 16:16:37.284000,Tutut
100014962631116,2021-12-30 19:19:31.096000,Tutut
100014962631116,2021-12-30 22:22:25.876000,Tutut
100014962631116,2021-12-31 00:00:57.732000,Tutut
100014962631116,2021-12-31 08:08:07.024000,Tutut
100014962631116,2021-12-31 09:09:12.864000,Tutut
100040105721223,2021-12-31 17:17:39.755000,Tutut
100040105721223,2021-12-31 21:21:40.521000,Tutut
100014962631116,2022-01-01 03:03:48.932000,Tutut
100014962631116,2022-01-01 10:10:10.583000,Tutut
100040105721223,2022-01-01 11:11:30.555000,Tutut
100014962631116,2022-01-01 11:11:39.268000,Tutut
100014962631116,2022-01-01 14:14:07.269000,Tutut
100014962631116,2022-01-01 15:15:38.126000,Tutut
100014962631116,2022-01-01 17:17:11.610000,Tutut
100040105721223,2022-01-01 20:20:42.532000,Tutut
100040105721223,2022-01-01 21:21:20.158000,Tutut
100040105721223,2022-01-02 15:15:57.039000,Tutut
100014962631116,2022-01-02 17:17:21.183000,Tutut
100040105721223,2022-01-02 19:19:15.792000,Tutut
100014962631116,2022-01-02 19:19:20.948000,Tutut
100014962631116,2022-01-02 21:21:18.601000,Tutut
100014962631116,2022-01-02 22:22:09.484000,Tutut
100014962631116,2022-01-02 23:23:23.288000,Tutut
100014962631116,2022-01-03 11:11:20.363000,Tutut
100040105721223,2022-01-03 12:12:22.817000,Tutut
100014962631116,2022-01-03 17:17:08.303000,Tutut
100014962631116,2022-01-03 19:19:25.700000,Tutut
100014962631116,2022-01-03 20:20:48.207000,Tutut
100014962631116,2022-01-03 22:22:28.636000,Tutut
100014962631116,2022-01-03 23:23:14.279000,Tutut
100040105721223,2022-01-03 23:23:29.400000,Tutut
100014962631116,2022-01-04 08:08:45.623000,Tutut
100014962631116,2022-01-04 09:09:24.127000,Tutut
100040105721223,2022-01-04 10:10:15.273000,Tutut
100040105721223,2022-01-04 12:12:14.546000,Tutut
100014962631116,2022-01-04 12:12:22.111000,Tutut
100040105721223,2022-01-04 13:13:18.033000,Tutut
100014962631116,2022-01-04 13:13:56.918000,Tutut
100014962631116,2022-01-04 14:14:39.768000,Tutut
100040105721223,2022-01-04 15:15:15.821000,Tutut
100014962631116,2022-01-04 19:19:14.283000,Tutut
100014962631116,2022-01-04 23:23:07.543000,Tutut
100014962631116,2022-01-05 10:10:33.946000,Tutut
100040105721223,2022-01-05 14:14:11.796000,Tutut
100040105721223,2022-01-05 18:18:12.458000,Tutut
100014962631116,2022-01-05 21:21:32.964000,Tutut
100014962631116,2022-01-05 23:23:05.799000,Tutut
100014962631116,2022-01-06 00:00:08.413000,Tutut
100014962631116,2022-01-06 01:01:11.249000,Tutut
100040105721223,2022-01-06 08:08:43.447000,Tutut
100014962631116,2022-01-06 10:10:21.147000,Tutut
100040105721223,2022-01-06 11:11:05.458000,Tutut
100040105721223,2022-01-06 12:12:11.600000,Tutut
100040105721223,2022-01-06 15:15:35.050000,Tutut
100014962631116,2022-01-06 18:18:21.133000,Tutut
100040105721223,2022-01-06 19:19:08.864000,Tutut
100040105721223,2022-01-07 09:09:47.131000,Tutut
100014962631116,2022-01-07 11:11:36.750000,Tutut
100040105721223,2022-01-07 13:13:10.108000,Tutut
100014962631116,2022-01-07 13:13:49.717000,Tutut
100014962631116,2022-01-07 14:14:35.249000,Tutut
100014962631116,2022-01-07 17:17:53.005000,Tutut
100040105721223,2022-01-07 19:19:30.340000,Tutut
100040105721223,2022-01-08 13:13:17.361000,Tutut
100040105721223,2022-01-08 18:18:24.339000,Tutut
100014962631116,2022-01-08 19:19:05.618000,Tutut
100040105721223,2022-01-08 22:22:54.183000,Tutut
100014962631116,2022-01-08 23:23:35.872000,Tutut
100040105721223,2022-01-09 00:00:08.079000,Tutut
100014962631116,2022-01-09 00:00:21.837000,Tutut
100014962631116,2022-01-09 13:13:17.332000,Tutut
100040105721223,2022-01-09 14:14:13.244000,Tutut
100040105721223,2022-01-09 15:15:11.098000,Tutut
100040105721223,2022-01-09 19:19:07.294000,Tutut
100014962631116,2022-01-09 19:19:13.385000,Tutut
100040105721223,2022-01-09 20:20:31.777000,Tutut
100040105721223,2022-01-09 21:21:58.730000,Tutut
100014962631116,2022-01-10 09:09:27.191000,Tutut
100014962631116,2022-01-10 11:11:32.848000,Tutut
100040105721223,2022-01-10 14:14:52.404000,Tutut
100014962631116,2022-01-10 15:15:34.615000,Tutut
100040105721223,2022-01-10 18:18:12.967000,Tutut
100014962631116,2022-01-11 09:09:11.970000,Tutut
100040105721223,2022-01-11 10:10:11.145000,Tutut
100014962631116,2022-01-11 10:10:19.198000,Tutut
100014962631116,2022-01-11 11:11:10.964000,Tutut
100040105721223,2022-01-11 11:11:16.431000,Tutut
100014962631116,2022-01-11 12:12:05.177000,Tutut
100014962631116,2022-01-11 13:13:10.815000,Tutut
100040105721223,2022-01-11 13:13:18.833000,Tutut
100040105721223,2022-01-11 14:14:29.944000,Tutut
100014962631116,2022-01-11 15:15:18.280000,Tutut
100014962631116,2022-01-11 16:16:06.654000,Tutut
100040105721223,2022-01-11 19:19:55.359000,Tutut
100040105721223,2022-01-11 20:20:24.921000,Tutut
100014962631116,2022-01-12 00:00:11.151000,Tutut
100014962631116,2022-01-12 09:09:40.229000,Tutut
100014962631116,2022-01-12 10:10:53.243000,Tutut
100040105721223,2022-01-12 11:11:46.043000,Tutut
100014962631116,2022-01-12 13:13:06.616000,Tutut
100014962631116,2022-01-12 14:14:08.237000,Tutut
100014962631116,2022-01-12 15:15:57.296000,Tutut
100014962631116,2022-01-12 16:16:42.240000,Tutut
100014962631116,2022-01-12 17:17:23.242000,Tutut
100014962631116,2022-01-12 18:18:10.238000,Tutut
100014962631116,2022-01-12 21:21:02.974000,Tutut
100014962631116,2022-01-13 00:00:16.175000,Tutut
100040105721223,2022-01-13 01:01:19.419000,Tutut
100040105721223,2022-01-13 11:11:13.078000,Tutut
100014962631116,2022-01-13 11:11:20.835000,Tutut
100040105721223,2022-01-13 15:15:51.457000,Tutut
100014962631116,2022-01-13 16:16:32.548000,Tutut
100014962631116,2022-01-13 19:19:23.318000,Tutut
100014962631116,2022-01-13 23:23:33.580000,Tutut
100014962631116,2022-01-14 09:09:13.580000,Tutut
100014962631116,2022-01-14 10:10:27.254000,Tutut
100040105721223,2022-01-14 16:16:49.068000,Tutut
100040105721223,2022-01-14 18:18:19.623000,Tutut
100014962631116,2022-01-14 23:23:24.866000,Tutut
100040105721223,2022-01-15 00:00:49.915000,Tutut
100040105721223,2022-01-15 09:09:53.426000,Tutut
100040105721223,2022-01-15 10:10:20.894000,Tutut
100014962631116,2022-01-15 10:10:28.557000,Tutut
100014962631116,2022-01-15 11:11:25.194000,Tutut
100014962631116,2022-01-15 13:13:40.763000,Tutut
100040105721223,2022-01-15 13:13:57.655000,Tutut
100040105721223,2022-01-15 15:15:21.093000,Tutut
100040105721223,2022-01-15 16:16:33.318000,Tutut
100014962631116,2022-01-15 17:17:10.470000,Tutut
100040105721223,2022-01-15 19:19:24.698000,Tutut
100040105721223,2022-01-15 22:22:45.695000,Tutut
100014962631116,2022-01-16 04:04:22.685000,Tutut
100014962631116,2022-01-16 12:12:04.934000,Tutut
100040105721223,2022-01-16 13:13:49.934000,Tutut
100014962631116,2022-01-16 14:14:35.879000,Tutut
100014962631116,2022-01-16 15:15:18.155000,Tutut
100040105721223,2022-01-16 15:15:34.444000,Tutut
100014962631116,2022-01-16 22:22:07.168000,Tutut
100014962631116,2022-01-16 23:23:06.065000,Tutut
100040105721223,2022-01-17 09:09:23.273000,Tutut
100014962631116,2022-01-17 09:09:49.041000,Tutut
100040105721223,2022-01-17 12:12:14.417000,Tutut
100014962631116,2022-01-17 12:12:21.388000,Tutut
100014962631116,2022-01-17 13:13:41.468000,Tutut
100040105721223,2022-01-17 13:13:59.674000,Tutut
100014962631116,2022-01-17 15:15:20.984000,Tutut
100014962631116,2022-01-17 16:16:20.422000,Tutut
100014962631116,2022-01-17 17:17:21.859000,Tutut
100040105721223,2022-01-17 17:17:54.054000,Tutut
100014962631116,2022-01-17 23:23:14.103000,Tutut
100040105721223,2022-01-18 09:09:32.385000,Tutut
100014962631116,2022-01-18 09:09:46.482000,Tutut
100040105721223,2022-01-18 11:11:11.973000,Tutut
100040105721223,2022-01-18 13:13:50.854000,Tutut
100014962631116,2022-01-18 13:13:58.496000,Tutut
100014962631116,2022-01-18 17:17:27.818000,Tutut
100014962631116,2022-01-18 20:20:19.508000,Tutut
100040105721223,2022-01-18 20:20:41.795000,Tutut
100014962631116,2022-01-18 21:21:09.097000,Tutut
100014962631116,2022-01-19 09:09:05.299000,Tutut
100040105721223,2022-01-19 09:09:29.607000,Tutut
100040105721223,2022-01-19 10:10:52.846000,Tutut
100014962631116,2022-01-19 11:11:01.790000,Tutut
100040105721223,2022-01-19 11:11:19.932000,Tutut
100040105721223,2022-01-19 14:14:24.700000,Tutut
100014962631116,2022-01-19 16:16:07.218000,Tutut
100014962631116,2022-01-19 17:17:15.527000,Tutut
100014962631116,2022-01-19 18:18:05.624000,Tutut
100014962631116,2022-01-19 19:19:12.457000,Tutut
100040105721223,2022-01-19 19:19:25.679000,Tutut
100014962631116,2022-01-19 22:22:06.971000,Tutut
100040105721223,2022-01-19 22:22:23.368000,Tutut
100040105721223,2022-01-20 11:11:01.713000,Tutut
100014962631116,2022-01-20 11:11:13.492000,Tutut
100040105721223,2022-01-20 12:12:13.497000,Tutut
100014962631116,2022-01-20 17:17:29.865000,Tutut
100040105721223,2022-01-20 19:19:20.432000,Tutut
100014962631116,2022-01-20 19:19:22.819000,Tutut
100014962631116,2022-01-21 11:11:18.613000,Tutut
100040105721223,2022-01-21 12:12:29.581000,Tutut
100014962631116,2022-01-21 12:12:35.868000,Tutut
100014962631116,2022-01-21 16:16:03.745000,Tutut
100014962631116,2022-01-22 00:00:20.141000,Tutut
100014962631116,2022-01-22 09:09:12.999000,Tutut
100014962631116,2022-01-22 10:10:07.743000,Tutut
100040105721223,2022-01-22 14:14:37.361000,Tutut
100014962631116,2022-01-22 14:14:42.914000,Tutut
100040105721223,2022-01-22 15:15:48.199000,Tutut
100014962631116,2022-01-22 16:16:37.355000,Tutut
100014962631116,2022-01-22 17:17:20.682000,Tutut
100014962631116,2022-01-23 09:09:04.555000,Tutut
100014962631116,2022-01-23 10:10:07.016000,Tutut
100040105721223,2022-01-23 11:11:13.676000,Tutut
100014962631116,2022-01-23 13:13:11.306000,Tutut
100014962631116,2022-01-23 14:14:49.296000,Tutut
100014962631116,2022-01-23 17:17:04.623000,Tutut
100040105721223,2022-01-23 18:18:04.006000,Tutut
100014962631116,2022-01-23 18:18:22.473000,Tutut
100040105721223,2022-01-23 20:20:09.410000,Tutut
100014962631116,2022-01-23 21:21:13.813000,Tutut
100014962631116,2022-01-24 09:09:48.492000,Tutut
100014962631116,2022-01-24 14:14:33.924000,Tutut
100014962631116,2022-01-24 17:17:21.876000,Tutut
100040105721223,2022-01-24 19:19:03.416000,Tutut
100014962631116,2022-01-24 21:21:00.984000,Tutut
100014962631116,2022-01-24 23:23:11.490000,Tutut
100014962631116,2022-01-25 08:08:59.893000,Tutut
100040105721223,2022-01-25 10:10:15.768000,Tutut
100014962631116,2022-01-25 10:10:22.151000,Tutut
100040105721223,2022-01-25 13:13:40.138000,Tutut
100040105721223,2022-01-25 17:17:24.768000,Tutut
100040105721223,2022-01-25 19:19:09.274000,Tutut
100014962631116,2022-01-25 19:19:20.458000,Tutut
100014962631116,2022-01-25 22:22:06.357000,Tutut
100040105721223,2022-01-25 22:22:09.274000,Tutut
100014962631116,2022-01-26 00:00:37.695000,Tutut
100014962631116,2022-01-26 09:09:07.629000,Tutut
100040105721223,2022-01-26 09:09:11.567000,Tutut
100014962631116,2022-01-26 10:10:09.929000,Tutut
100014962631116,2022-01-26 11:11:35.075000,Tutut
100040105721223,2022-01-26 13:13:15.808000,Tutut
100014962631116,2022-01-26 16:16:05.734000,Tutut
100014962631116,2022-01-26 17:17:51.689000,Tutut
100014962631116,2022-01-26 18:18:00.072000,Tutut
100014962631116,2022-01-26 19:19:00.833000,Tutut
100040105721223,2022-01-26 19:19:34.787000,Tutut
100014962631116,2022-01-26 21:21:46.118000,Tutut
100014962631116,2022-01-26 22:22:03.827000,Tutut
100014962631116,2022-01-26 23:23:07.893000,Tutut
100040105721223,2022-01-27 09:09:27.791000,Tutut
100014962631116,2022-01-27 09:09:59.218000,Tutut
100014962631116,2022-01-27 10:10:15.083000,Tutut
100014962631116,2022-01-27 22:22:01.469000,Tutut
100014962631116,2022-01-28 10:10:09.773000,Tutut
100040105721223,2022-01-28 10:10:50.697000,Tutut
100014962631116,2022-01-28 11:11:04.839000,Tutut
100014962631116,2022-01-28 12:12:07.288000,Tutut
100040105721223,2022-01-28 13:13:32.700000,Tutut
100040105721223,2022-01-28 16:16:16.878000,Tutut
100014962631116,2022-01-28 17:17:40.810000,Tutut
100014962631116,2022-01-28 20:20:10.526000,Tutut
100014962631116,2022-01-28 22:22:17.689000,Tutut
100014962631116,2022-01-28 23:23:05.737000,Tutut
100014962631116,2022-01-29 10:10:44.195000,Tutut
100014962631116,2022-01-29 15:15:47.946000,Tutut
100014962631116,2022-01-29 17:17:02.070000,Tutut
100014962631116,2022-01-29 19:19:52.949000,Tutut
100014962631116,2022-01-29 22:22:16.470000,Tutut
100014962631116,2022-01-29 23:23:13.232000,Tutut
100014962631116,2022-01-30 00:00:08.717000,Tutut
100014962631116,2022-01-30 09:09:02.531000,Tutut
100040105721223,2022-01-30 09:09:26.211000,Tutut
100040105721223,2022-01-30 17:17:01.612000,Tutut
100014962631116,2022-01-30 17:17:15.690000,Tutut
100014962631116,2022-01-30 18:18:32.141000,Tutut
100014962631116,2022-01-30 19:19:12.367000,Tutut
100014962631116,2022-01-30 21:21:15.240000,Tutut
100014962631116,2022-01-30 22:22:05.462000,Tutut
100014962631116,2022-01-30 23:23:16.213000,Tutut
100014962631116,2022-01-31 09:09:04.480000,Tutut
100040105721223,2022-01-31 10:10:10.371000,Tutut
100014962631116,2022-01-31 12:12:11.286000,Tutut
100040105721223,2022-01-31 13:13:26.154000,Tutut
100014962631116,2022-01-31 13:13:37.865000,Tutut
100040105721223,2022-01-31 16:16:03.157000,Tutut
100040105721223,2022-01-31 18:18:29.561000,Tutut
100014962631116,2022-01-31 22:22:30.003000,Tutut
100014962631116,2022-01-31 23:23:44.089000,Tutut
100040105721223,2022-02-01 09:09:48.482000,Tutut
100014962631116,2022-02-01 10:10:08.062000,Tutut
100014962631116,2022-02-01 11:11:03.378000,Tutut
100040105721223,2022-02-01 12:12:51.379000,Tutut
100014962631116,2022-02-01 13:13:36.411000,Tutut
100014962631116,2022-02-01 16:16:14.874000,Tutut
100040105721223,2022-02-01 16:16:32.470000,Tutut
100014962631116,2022-02-01 17:17:11.044000,Tutut
100040105721223,2022-02-01 17:17:58.345000,Tutut
100014962631116,2022-02-01 18:18:20.244000,Tutut
100014962631116,2022-02-01 22:22:16.620000,Tutut
100040105721223,2022-02-01 22:22:19.717000,Tutut
100014962631116,2022-02-01 23:23:28.056000,Tutut
100014962631116,2022-02-02 00:00:27.558000,Tutut
100040105721223,2022-02-02 08:08:17.357000,Tutut
100040105721223,2022-02-02 10:10:21.319000,Tutut
100014962631116,2022-02-02 10:10:29.971000,Tutut
100014962631116,2022-02-02 12:12:47.938000,Tutut
100014962631116,2022-02-02 14:14:21.395000,Tutut
100040105721223,2022-02-02 16:16:52.268000,Tutut
100014962631116,2022-02-02 16:17:13.004000,Tutut
100014962631116,2022-02-02 17:17:08.546000,Tutut
100014962631116,2022-02-02 18:18:57.022000,Tutut
100014962631116,2022-02-02 19:19:16.692000,Tutut
100040105721223,2022-02-02 19:19:41.130000,Tutut
100040105721223,2022-02-02 21:21:27.207000,Tutut
100040105721223,2022-02-02 23:23:09.124000,Tutut
100014962631116,2022-02-02 23:23:10.154000,Tutut
100014962631116,2022-02-03 00:00:37.526000,Tutut
100014962631116,2022-02-03 01:01:17.220000,Tutut
100014962631116,2022-02-03 09:09:18.802000,Tutut
100014962631116,2022-02-03 11:11:08.342000,Tutut
100040105721223,2022-02-03 11:11:08.819000,Tutut
100014962631116,2022-02-03 17:17:23.291000,Tutut
100014962631116,2022-02-03 18:19:03.741000,Tutut
100014962631116,2022-02-03 22:22:10.603000,Tutut
100014962631116,2022-02-03 23:23:08.025000,Tutut
100040105721223,2022-02-03 23:23:12.144000,Tutut
100014962631116,2022-02-04 10:10:39.745000,Tutut
100014962631116,2022-02-04 11:11:57.114000,Tutut
100040105721223,2022-02-04 12:12:04.759000,Tutut
100014962631116,2022-02-04 13:13:53.189000,Tutut
100014962631116,2022-02-04 14:14:07.187000,Tutut
100040105721223,2022-02-04 16:16:18.628000,Tutut
100014962631116,2022-02-05 02:02:36.479000,Tutut
100040105721223,2022-02-05 09:09:37.848000,Tutut
100040105721223,2022-02-05 10:10:28.828000,Tutut
100014962631116,2022-02-05 10:10:37.195000,Tutut
100014962631116,2022-02-05 11:11:43.252000,Tutut
100040105721223,2022-02-05 11:11:46.005000,Tutut
100040105721223,2022-02-05 12:12:03.348000,Tutut
100014962631116,2022-02-05 13:13:29.698000,Tutut
100014962631116,2022-02-05 14:14:48.837000,Tutut
100014962631116,2022-02-05 15:15:09.882000,Tutut
100040105721223,2022-02-05 15:15:14.962000,Tutut
100014962631116,2022-02-05 16:16:46.133000,Tutut
100014962631116,2022-02-05 17:17:18.678000,Tutut
100014962631116,2022-02-05 18:18:47.648000,Tutut
100040105721223,2022-02-05 22:22:23.550000,Tutut
100014962631116,2022-02-06 13:13:41.224000,Tutut
100014962631116,2022-02-06 14:14:45.393000,Tutut
100014962631116,2022-02-06 15:15:08.237000,Tutut
100014962631116,2022-02-06 16:16:13.178000,Tutut
100014962631116,2022-02-06 18:18:48.462000,Tutut
100040105721223,2022-02-06 19:19:36.143000,Tutut
100014962631116,2022-02-06 20:20:11.698000,Tutut
100014962631116,2022-02-06 21:21:17.987000,Tutut
100014962631116,2022-02-06 22:22:08.176000,Tutut
100040105721223,2022-02-07 09:09:36.285000,Tutut
100014962631116,2022-02-07 10:10:22.775000,Tutut
100014962631116,2022-02-07 11:11:10.021000,Tutut
100014962631116,2022-02-07 12:12:07.171000,Tutut
100040105721223,2022-02-07 13:13:11.547000,Tutut
100014962631116,2022-02-07 14:14:44.507000,Tutut
100014962631116,2022-02-07 15:15:13.430000,Tutut
100014962631116,2022-02-07 16:16:24.333000,Tutut
100014962631116,2022-02-07 20:20:20.504000,Tutut
100014962631116,2022-02-07 21:21:42.431000,Tutut
100040105721223,2022-02-08 12:12:33.722000,Tutut
100014962631116,2022-02-08 12:12:41.272000,Tutut
100014962631116,2022-02-08 13:13:03.123000,Tutut
100040105721223,2022-02-08 13:13:32.545000,Tutut
100014962631116,2022-02-08 16:16:40.823000,Tutut
100014962631116,2022-02-08 22:22:38.142000,Tutut
100040105721223,2022-02-09 09:09:20.536000,Tutut
100014962631116,2022-02-09 11:11:12.647000,Tutut
100014962631116,2022-02-09 12:12:10.850000,Tutut
100040105721223,2022-02-09 12:12:57.941000,Tutut
100014962631116,2022-02-09 17:17:19.856000,Tutut
100040105721223,2022-02-09 18:18:44.501000,Tutut
100040105721223,2022-02-09 19:19:24.800000,Tutut
100040105721223,2022-02-09 20:20:41.324000,Tutut
100040105721223,2022-02-09 21:21:07.010000,Tutut
100014962631116,2022-02-09 21:21:07.046000,Tutut
100014962631116,2022-02-09 22:22:16.929000,Tutut
100040105721223,2022-02-09 23:23:07.619000,Tutut
100014962631116,2022-02-10 08:08:11.646000,Tutut
100014962631116,2022-02-10 10:10:22.410000,Tutut
100014962631116,2022-02-10 13:13:33.003000,Tutut
100014962631116,2022-02-10 14:14:13.581000,Tutut
100014962631116,2022-02-10 15:15:07.559000,Tutut
100040105721223,2022-02-10 17:17:11.560000,Tutut
100014962631116,2022-02-10 18:18:12.832000,Tutut
100014962631116,2022-02-10 21:21:20.789000,Tutut
100040105721223,2022-02-11 01:01:10.861000,Tutut
100014962631116,2022-02-11 15:15:05.185000,Tutut
100040105721223,2022-02-11 19:19:24.529000,Tutut
100014962631116,2022-02-11 19:20:35.808000,Tutut
100040105721223,2022-02-11 21:21:09.456000,Tutut
100014962631116,2022-02-11 22:22:05.046000,Tutut
100040105721223,2022-02-11 22:22:43.011000,Tutut
100040105721223,2022-02-12 08:08:09.811000,Tutut
100014962631116,2022-02-12 09:09:05.841000,Tutut
100014962631116,2022-02-12 10:10:12.773000,Tutut
100040105721223,2022-02-12 11:11:16.607000,Tutut
100014962631116,2022-02-12 11:11:16.966000,Tutut
100040105721223,2022-02-12 12:12:19.510000,Tutut
100014962631116,2022-02-12 12:12:46.507000,Tutut
100014962631116,2022-02-12 16:16:29.485000,Tutut
100040105721223,2022-02-12 18:18:18.877000,Tutut
100014962631116,2022-02-12 19:19:37.320000,Tutut
100014962631116,2022-02-13 12:12:09.621000,Tutut
100040105721223,2022-02-13 13:13:52.502000,Tutut
100014962631116,2022-02-13 16:16:12.708000,Tutut
100014962631116,2022-02-13 18:18:05.739000,Tutut
100014962631116,2022-02-13 19:19:03.971000,Tutut
100014962631116,2022-02-13 20:20:13.349000,Tutut
100014962631116,2022-02-13 22:22:26.138000,Tutut
100014962631116,2022-02-13 23:23:50.966000,Tutut
100014962631116,2022-02-14 11:11:49.783000,Tutut
100040105721223,2022-02-14 12:12:13.888000,Tutut
100014962631116,2022-02-14 12:12:21.006000,Tutut
100014962631116,2022-02-14 13:13:47.452000,Tutut
100014962631116,2022-02-14 14:14:44.220000,Tutut
100014962631116,2022-02-14 17:17:05.036000,Tutut
100014962631116,2022-02-14 19:19:34.331000,Tutut
100014962631116,2022-02-15 14:14:07.624000,Tutut
100040105721223,2022-02-15 15:15:07.103000,Tutut
100014962631116,2022-02-15 22:22:08.742000,Tutut
100014962631116,2022-02-16 09:09:45.907000,Tutut
100014962631116,2022-02-16 11:11:05.642000,Tutut
100040105721223,2022-02-16 11:11:24.434000,Tutut
100014962631116,2022-02-16 16:16:01.423000,Tutut
100040105721223,2022-02-16 17:17:47.806000,Tutut
100014962631116,2022-02-16 19:19:55.996000,Tutut
100014962631116,2022-02-17 09:09:28.805000,Tutut
100014962631116,2022-02-17 19:19:23.928000,Tutut
100014962631116,2022-02-17 21:21:02.581000,Tutut
100014962631116,2022-02-18 09:09:21.334000,Tutut
100014962631116,2022-02-18 10:10:24.023000,Tutut
100014962631116,2022-02-18 12:12:23.753000,Tutut
100014962631116,2022-02-18 16:16:09.618000,Tutut
100014962631116,2022-02-18 17:17:41.899000,Tutut
100040105721223,2022-02-18 17:17:48.071000,Tutut
100014962631116,2022-02-18 18:18:18.416000,Tutut
100040105721223,2022-02-18 19:19:13.335000,Tutut
100014962631116,2022-02-18 23:23:11.408000,Tutut
100014962631116,2022-02-19 00:01:03.909000,Tutut
100014962631116,2022-02-19 08:08:04.646000,Tutut
100014962631116,2022-02-19 09:09:01.169000,Tutut
100014962631116,2022-02-19 10:10:10.590000,Tutut
100014962631116,2022-02-19 19:19:14.240000,Tutut
100014962631116,2022-02-19 21:21:13.288000,Tutut
100014962631116,2022-02-19 22:22:18.998000,Tutut
100040105721223,2022-02-19 23:23:09.632000,Tutut
100014962631116,2022-02-19 23:23:17.807000,Tutut
100014962631116,2022-02-20 00:00:10.675000,Tutut
100014962631116,2022-02-20 01:01:33.212000,Tutut
100014962631116,2022-02-20 02:02:07.927000,Tutut
100014962631116,2022-02-20 11:11:31.005000,Tutut
100014962631116,2022-02-20 13:13:09.477000,Tutut
100014962631116,2022-02-20 15:15:12.363000,Tutut
100014962631116,2022-02-20 17:17:07.823000,Tutut
100040105721223,2022-02-20 18:18:03.583000,Tutut
100014962631116,2022-02-20 18:18:09.927000,Tutut
100040105721223,2022-02-20 19:19:03.755000,Tutut
100040105721223,2022-02-20 21:21:28.673000,Tutut
100014962631116,2022-02-21 09:09:33.621000,Tutut
100014962631116,2022-02-21 11:11:45.170000,Tutut
100014962631116,2022-02-21 13:13:49.188000,Tutut
100014962631116,2022-02-21 14:14:15.602000,Tutut
100014962631116,2022-02-21 16:16:08.240000,Tutut
100040105721223,2022-02-21 16:16:12.469000,Tutut
100014962631116,2022-02-21 17:17:36.735000,Tutut
100014962631116,2022-02-21 18:18:10.333000,Tutut
100040105721223,2022-02-21 21:21:59.189000,Tutut
100014962631116,2022-02-21 23:23:11.987000,Tutut
100014962631116,2022-02-22 10:10:06.089000,Tutut
100014962631116,2022-02-22 12:12:06.345000,Tutut
100014962631116,2022-02-22 14:14:11.722000,Tutut
100014962631116,2022-02-22 16:16:05.079000,Tutut
100014962631116,2022-02-22 17:17:06.993000,Tutut
100040105721223,2022-02-22 17:17:10.162000,Tutut
100014962631116,2022-02-22 19:19:27.792000,Tutut
100040105721223,2022-02-22 19:19:30.911000,Tutut
100040105721223,2022-02-22 21:21:36.951000,Tutut
100014962631116,2022-02-22 22:22:12.347000,Tutut
100040105721223,2022-02-23 12:12:37.721000,Tutut
100014962631116,2022-02-23 16:16:16.742000,Tutut
100040105721223,2022-02-23 18:18:18.107000,Tutut
100014962631116,2022-02-23 18:18:25.308000,Tutut
100014962631116,2022-02-23 19:19:30.160000,Tutut
100040105721223,2022-02-23 20:20:45.347000,Tutut
100014962631116,2022-02-23 21:21:56.539000,Tutut
100014962631116,2022-02-23 22:22:45.459000,Tutut
100040105721223,2022-02-23 22:22:45.881000,Tutut
100014962631116,2022-02-23 23:23:10.580000,Tutut
100040105721223,2022-02-23 23:23:20.383000,Tutut
100014962631116,2022-02-24 11:11:02.462000,Tutut
100014962631116,2022-02-24 14:14:37.591000,Tutut
100014962631116,2022-02-24 16:16:09.184000,Tutut
100040105721223,2022-02-24 16:16:27.994000,Tutut
100014962631116,2022-02-24 18:18:16.341000,Tutut
100040105721223,2022-02-24 19:19:12.439000,Tutut
100014962631116,2022-02-24 21:21:04.701000,Tutut
100014962631116,2022-02-24 23:23:25.167000,Tutut
100014962631116,2022-02-25 15:15:31.008000,Tutut
100014962631116,2022-02-25 22:22:51.585000,Tutut
100014962631116,2022-02-25 23:23:54.676000,Tutut
100014962631116,2022-02-26 00:00:11.559000,Tutut
100014962631116,2022-02-26 15:15:35.443000,Tutut
100014962631116,2022-02-26 16:16:36.384000,Tutut
100014962631116,2022-02-27 12:12:06.019000,Tutut
100040105721223,2022-02-27 14:14:37.001000,Tutut
100014962631116,2022-02-27 17:17:08.785000,Tutut
100040105721223,2022-02-27 18:18:20.363000,Tutut
100014962631116,2022-02-27 19:19:32.158000,Tutut
100014962631116,2022-02-27 23:23:37.633000,Tutut
100014962631116,2022-02-28 00:00:11.333000,Tutut
100014962631116,2022-02-28 10:10:00.850000,Tutut
100014962631116,2022-02-28 11:11:52.946000,Tutut
100040105721223,2022-02-28 11:11:57.508000,Tutut
100014962631116,2022-02-28 13:13:11.722000,Tutut
100014962631116,2022-02-28 14:14:20.372000,Tutut
100040105721223,2022-02-28 15:15:16.969000,Tutut
100014962631116,2022-02-28 16:16:37.095000,Tutut
100014962631116,2022-02-28 17:17:37.048000,Tutut
100040105721223,2022-02-28 17:17:43.797000,Tutut
100014962631116,2022-02-28 18:18:26.365000,Tutut
100014962631116,2022-02-28 19:19:07.915000,Tutut
100040105721223,2022-02-28 20:20:14.942000,Tutut
100014962631116,2022-02-28 23:23:12.041000,Tutut
100014962631116,2022-03-01 00:00:15.956000,Tutut
100014962631116,2022-03-01 10:10:11.598000,Tutut
100014962631116,2022-03-01 12:12:03.668000,Tutut
100014962631116,2022-03-01 13:13:17.350000,Tutut
100014962631116,2022-03-01 16:16:45.701000,Tutut
100014962631116,2022-03-01 23:23:05.032000,Tutut
100014962631116,2022-03-02 10:10:05.351000,Tutut
100040105721223,2022-03-02 10:10:22.001000,Tutut
100014962631116,2022-03-02 11:11:50.634000,Tutut
100014962631116,2022-03-02 12:12:05.647000,Tutut
100014962631116,2022-03-02 17:17:06.173000,Tutut
100014962631116,2022-03-02 19:19:04.171000,Tutut
100014962631116,2022-03-02 23:23:24.433000,Tutut
100040105721223,2022-03-03 00:00:16.956000,Tutut
100014962631116,2022-03-03 00:00:20.080000,Tutut
100014962631116,2022-03-03 10:10:42.185000,Tutut
100014962631116,2022-03-03 11:11:34.038000,Tutut
100014962631116,2022-03-03 12:12:24.177000,Tutut
100040105721223,2022-03-03 13:13:32.405000,Tutut
100014962631116,2022-03-03 19:19:27.575000,Tutut
100014962631116,2022-03-03 21:21:13.673000,Tutut
100014962631116,2022-03-03 22:22:13.078000,Tutut
100014962631116,2022-03-03 23:23:04.884000,Tutut
100040105721223,2022-03-04 10:10:06.405000,Tutut
100014962631116,2022-03-04 10:10:14.877000,Tutut
100014962631116,2022-03-04 11:11:06.042000,Tutut
100014962631116,2022-03-04 13:13:07.589000,Tutut
100040105721223,2022-03-04 13:13:21.984000,Tutut
100014962631116,2022-03-04 14:14:09.079000,Tutut
100014962631116,2022-03-04 16:16:13.859000,Tutut
100040105721223,2022-03-04 17:17:12.599000,Tutut
100014962631116,2022-03-04 17:17:24.698000,Tutut
100040105721223,2022-03-04 20:20:57.752000,Tutut
100040105721223,2022-03-05 12:12:41.229000,Tutut
100014962631116,2022-03-05 17:17:45.367000,Tutut
100014962631116,2022-03-05 21:21:06.306000,Tutut
100014962631116,2022-03-05 22:22:31.078000,Tutut
100014962631116,2022-03-06 11:11:05.318000,Tutut
100014962631116,2022-03-06 12:12:03.995000,Tutut
100040105721223,2022-03-06 12:12:48.140000,Tutut
100040105721223,2022-03-06 13:13:45.283000,Tutut
100014962631116,2022-03-06 16:16:37.016000,Tutut
100014962631116,2022-03-06 23:23:25.601000,Tutut
100014962631116,2022-03-07 10:10:23.037000,Tutut
100014962631116,2022-03-07 14:14:12.257000,Tutut
100040105721223,2022-03-07 14:14:53.327000,Tutut
100040105721223,2022-03-07 15:15:36.726000,Tutut
100014962631116,2022-03-07 15:15:41.536000,Tutut
100014962631116,2022-03-07 18:18:13.460000,Tutut
100014962631116,2022-03-07 19:19:18.461000,Tutut
100040105721223,2022-03-07 19:19:28.018000,Tutut
100014962631116,2022-03-07 22:22:10.749000,Tutut
100040105721223,2022-03-08 13:13:22.553000,Tutut
100014962631116,2022-03-08 13:13:27.896000,Tutut
100014962631116,2022-03-08 14:14:10.527000,Tutut
100040105721223,2022-03-08 16:16:55.234000,Tutut
100014962631116,2022-03-08 18:18:14.643000,Tutut
100040105721223,2022-03-08 18:18:26.245000,Tutut
100014962631116,2022-03-08 19:19:11.187000,Tutut
100014962631116,2022-03-08 20:20:06.726000,Tutut
100014962631116,2022-03-08 23:23:05.604000,Tutut
100014962631116,2022-03-09 00:00:15.480000,Tutut
100014962631116,2022-03-09 09:09:08.054000,Tutut
100014962631116,2022-03-09 10:10:07.266000,Tutut
100040105721223,2022-03-09 10:10:39.652000,Tutut
100040105721223,2022-03-09 11:11:20.750000,Tutut
100014962631116,2022-03-09 11:11:29.708000,Tutut
100040105721223,2022-03-09 13:13:22.323000,Tutut
100014962631116,2022-03-09 14:14:03.217000,Tutut
100040105721223,2022-03-09 14:14:34.181000,Tutut
100040105721223,2022-03-09 16:16:21.935000,Tutut
100040105721223,2022-03-09 17:17:08.497000,Tutut
100014962631116,2022-03-09 18:18:23.570000,Tutut
100014962631116,2022-03-09 19:19:41.450000,Tutut
100014962631116,2022-03-09 22:22:08.807000,Tutut
100014962631116,2022-03-10 09:09:09.857000,Tutut
100040105721223,2022-03-10 11:11:09.674000,Tutut
100040105721223,2022-03-10 12:12:12.324000,Tutut
100014962631116,2022-03-10 13:13:25.553000,Tutut
100014962631116,2022-03-10 14:14:22.356000,Tutut
100040105721223,2022-03-10 15:15:20.390000,Tutut
100014962631116,2022-03-10 17:17:08.202000,Tutut
100014962631116,2022-03-10 18:18:09.901000,Tutut
100014962631116,2022-03-10 21:21:22.175000,Tutut
100040105721223,2022-03-10 21:21:32.443000,Tutut
100014962631116,2022-03-11 01:01:22.194000,Tutut
100040105721223,2022-03-11 09:09:25.972000,Tutut
100014962631116,2022-03-11 09:09:31.783000,Tutut
100014962631116,2022-03-11 10:10:34.976000,Tutut
100040105721223,2022-03-11 11:11:16.326000,Tutut
100014962631116,2022-03-11 11:11:19.886000,Tutut
100040105721223,2022-03-11 12:12:17.510000,Tutut
100040105721223,2022-03-11 13:13:46.673000,Tutut
100014962631116,2022-03-11 16:16:00.488000,Tutut
100040105721223,2022-03-11 16:16:13.054000,Tutut
100014962631116,2022-03-11 17:17:04.308000,Tutut
100040105721223,2022-03-11 17:17:08.581000,Tutut
100040105721223,2022-03-11 18:18:56.888000,Tutut
100014962631116,2022-03-11 22:22:15.837000,Tutut
100014962631116,2022-03-12 00:00:29.728000,Tutut
100040105721223,2022-03-12 12:12:41.033000,Tutut
100014962631116,2022-03-12 14:14:06.945000,Tutut
100014962631116,2022-03-12 15:15:13.095000,Tutut
100040105721223,2022-03-12 15:15:14.272000,Tutut
100040105721223,2022-03-12 16:16:07.838000,Tutut
100014962631116,2022-03-12 17:17:14.569000,Tutut
100040105721223,2022-03-12 18:18:41.611000,Tutut
100014962631116,2022-03-12 22:22:41.124000,Tutut
100014962631116,2022-03-12 23:23:07.480000,Tutut
100014962631116,2022-03-13 09:09:06.938000,Tutut
100014962631116,2022-03-13 10:10:15.526000,Tutut
100014962631116,2022-03-13 12:12:50.770000,Tutut
100040105721223,2022-03-13 14:14:04.697000,Tutut
100040105721223,2022-03-13 16:16:28.880000,Tutut
100014962631116,2022-03-13 18:18:09.250000,Tutut
100014962631116,2022-03-13 21:21:08.160000,Tutut
100040105721223,2022-03-13 22:22:23.711000,Tutut
100014962631116,2022-03-13 23:23:12.804000,Tutut
100040105721223,2022-03-14 10:10:30.477000,Tutut
100014962631116,2022-03-14 11:11:04.614000,Tutut
100014962631116,2022-03-14 12:12:17.538000,Tutut
100040105721223,2022-03-14 15:15:52.881000,Tutut
100040105721223,2022-03-14 16:16:13.161000,Tutut
100014962631116,2022-03-14 16:16:58.003000,Tutut
100014962631116,2022-03-14 17:17:49.408000,Tutut
100014962631116,2022-03-14 18:18:02.365000,Tutut
100040105721223,2022-03-14 18:18:45.102000,Tutut
100014962631116,2022-03-14 20:20:03.260000,Tutut
100014962631116,2022-03-15 00:00:13.902000,Tutut
100040105721223,2022-03-15 00:00:18.003000,Tutut
100040105721223,2022-03-15 09:09:20.523000,Tutut
100014962631116,2022-03-15 09:09:53.971000,Tutut
100014962631116,2022-03-15 11:11:08.637000,Tutut
100014962631116,2022-03-15 12:12:11.495000,Tutut
100014962631116,2022-03-15 13:13:14.913000,Tutut
100014962631116,2022-03-15 15:15:07.387000,Tutut
100040105721223,2022-03-15 16:16:10.187000,Tutut
100014962631116,2022-03-15 16:16:15.239000,Tutut
100014962631116,2022-03-15 17:17:08.301000,Tutut
100014962631116,2022-03-15 18:18:13.601000,Tutut
100040105721223,2022-03-15 18:18:19.237000,Tutut
100014962631116,2022-03-15 19:19:24.603000,Tutut
100014962631116,2022-03-15 23:23:19.581000,Tutut
100040105721223,2022-03-16 00:00:21.281000,Tutut
100014962631116,2022-03-16 09:09:39.144000,Tutut
100040105721223,2022-03-16 09:09:57.645000,Tutut
100014962631116,2022-03-16 10:10:11.112000,Tutut
100014962631116,2022-03-16 11:11:15.244000,Tutut
100014962631116,2022-03-16 12:12:15.789000,Tutut
100014962631116,2022-03-16 13:13:05.948000,Tutut
100040105721223,2022-03-16 13:13:45.479000,Tutut
100014962631116,2022-03-16 16:16:45.959000,Tutut
100040105721223,2022-03-16 16:16:48.345000,Tutut
100014962631116,2022-03-16 19:19:29.637000,Tutut
100014962631116,2022-03-16 21:21:04.252000,Tutut
100014962631116,2022-03-16 22:22:35.563000,Tutut
100014962631116,2022-03-17 01:01:23.943000,Tutut
100014962631116,2022-03-17 10:10:09.923000,Tutut
100040105721223,2022-03-17 10:10:51.580000,Tutut
100014962631116,2022-03-17 11:11:24.357000,Tutut
100014962631116,2022-03-17 12:12:04.628000,Tutut
100014962631116,2022-03-17 13:13:24.307000,Tutut
100014962631116,2022-03-17 14:14:25.919000,Tutut
100014962631116,2022-03-17 17:17:31.919000,Tutut
100040105721223,2022-03-17 19:19:07.400000,Tutut
100014962631116,2022-03-17 20:20:08.319000,Tutut
100014962631116,2022-03-17 21:21:24.253000,Tutut
100040105721223,2022-03-17 21:21:29.133000,Tutut
100040105721223,2022-03-17 22:22:08.932000,Tutut
100014962631116,2022-03-17 23:23:59.908000,Tutut
100040105721223,2022-03-18 08:08:50.196000,Tutut
100014962631116,2022-03-18 09:09:01.466000,Tutut
100014962631116,2022-03-18 10:10:12.230000,Tutut
100040105721223,2022-03-18 10:10:33.818000,Tutut
100040105721223,2022-03-18 11:11:16.597000,Tutut
100014962631116,2022-03-18 11:11:25.420000,Tutut
100014962631116,2022-03-18 12:12:30.761000,Tutut
100040105721223,2022-03-18 12:12:32.911000,Tutut
100014962631116,2022-03-18 14:14:29.472000,Tutut
100040105721223,2022-03-18 15:15:34.152000,Tutut
100014962631116,2022-03-18 16:16:15.175000,Tutut
100040105721223,2022-03-18 18:18:20.381000,Tutut
100014962631116,2022-03-18 20:20:05.680000,Tutut
100040105721223,2022-03-18 21:21:55.606000,Tutut
100040105721223,2022-03-18 22:22:12.059000,Tutut
100014962631116,2022-03-18 23:23:25.141000,Tutut
100014962631116,2022-03-19 01:01:00.119000,Tutut
100014962631116,2022-03-19 11:11:09.313000,Tutut
100040105721223,2022-03-19 15:15:29.828000,Tutut
100014962631116,2022-03-19 18:18:21.240000,Tutut
100040105721223,2022-03-19 20:20:55.611000,Tutut
100014962631116,2022-03-19 22:22:37.087000,Tutut
100014962631116,2022-03-20 00:00:20.503000,Tutut
100014962631116,2022-03-20 11:11:17.840000,Tutut
100014962631116,2022-03-20 13:13:33.635000,Tutut
100040105721223,2022-03-20 14:14:39.060000,Tutut
100014962631116,2022-03-20 15:15:20.651000,Tutut
100014962631116,2022-03-20 16:16:10.556000,Tutut
100040105721223,2022-03-20 17:17:51.582000,Tutut
100014962631116,2022-03-20 18:18:20.846000,Tutut
100014962631116,2022-03-20 19:19:13.719000,Tutut
100040105721223,2022-03-20 19:19:20.523000,Tutut
100014962631116,2022-03-20 20:20:12.509000,Tutut
100040105721223,2022-03-20 23:23:14.831000,Tutut
100040105721223,2022-03-21 10:10:12.085000,Tutut
100014962631116,2022-03-21 12:12:16.153000,Tutut
100014962631116,2022-03-21 13:13:11.359000,Tutut
100040105721223,2022-03-21 16:16:01.233000,Tutut
100014962631116,2022-03-21 16:16:07.883000,Tutut
100040105721223,2022-03-21 17:17:18.590000,Tutut
100014962631116,2022-03-21 17:17:36.355000,Tutut
100014962631116,2022-03-21 19:19:56.403000,Tutut
100014962631116,2022-03-21 21:21:10.038000,Tutut
100014962631116,2022-03-21 22:22:04.841000,Tutut
100040105721223,2022-03-22 09:09:38.566000,Tutut
100040105721223,2022-03-22 10:10:02.022000,Tutut
100014962631116,2022-03-22 11:11:17.939000,Tutut
100014962631116,2022-03-22 12:12:12.114000,Tutut
100040105721223,2022-03-22 12:12:45.005000,Tutut
100014962631116,2022-03-22 13:13:41.365000,Tutut
100014962631116,2022-03-22 15:15:07.581000,Tutut
100040105721223,2022-03-22 15:15:12.782000,Tutut
100014962631116,2022-03-22 16:16:11.170000,Tutut
100040105721223,2022-03-22 17:17:41.827000,Tutut
100014962631116,2022-03-22 18:18:13.357000,Tutut
100014962631116,2022-03-22 19:19:10.741000,Tutut
100014962631116,2022-03-22 20:20:13.284000,Tutut
100014962631116,2022-03-22 22:22:33.603000,Tutut
100014962631116,2022-03-22 23:23:02.459000,Tutut
100014962631116,2022-03-23 11:11:57.174000,Tutut
100014962631116,2022-03-23 12:12:19.390000,Tutut
100040105721223,2022-03-23 12:12:32.456000,Tutut
100014962631116,2022-03-23 13:13:50.644000,Tutut
100014962631116,2022-03-23 14:14:50.364000,Tutut
100014962631116,2022-03-23 15:15:14.921000,Tutut
100040105721223,2022-03-23 15:15:21.746000,Tutut
100014962631116,2022-03-23 16:16:33.111000,Tutut
100040105721223,2022-03-23 17:17:17.543000,Tutut
100014962631116,2022-03-23 18:18:06.094000,Tutut
100040105721223,2022-03-23 18:18:11.241000,Tutut
100040105721223,2022-03-23 20:20:31.980000,Tutut
100014962631116,2022-03-23 23:23:10.093000,Tutut
100040105721223,2022-03-23 23:23:17.661000,Tutut
100014962631116,2022-03-24 01:01:29.339000,Tutut
100014962631116,2022-03-24 10:10:12.715000,Tutut
100014962631116,2022-03-24 11:11:13.082000,Tutut
100014962631116,2022-03-24 12:12:00.536000,Tutut
100014962631116,2022-03-24 15:15:10.147000,Tutut
100040105721223,2022-03-24 15:15:15.723000,Tutut
100014962631116,2022-03-24 16:16:03.115000,Tutut
100040105721223,2022-03-24 17:17:11.489000,Tutut
100014962631116,2022-03-24 17:17:31.622000,Tutut
100014962631116,2022-03-24 18:18:07.584000,Tutut
100014962631116,2022-03-24 19:19:16.492000,Tutut
100014962631116,2022-03-24 20:20:12.992000,Tutut
100014962631116,2022-03-24 21:21:24.352000,Tutut
100014962631116,2022-03-24 22:22:12.294000,Tutut
100014962631116,2022-03-24 23:23:25.936000,Tutut
100014962631116,2022-03-25 00:00:19.183000,Tutut
100014962631116,2022-03-25 01:01:08.776000,Tutut
100014962631116,2022-03-25 09:09:03.584000,Tutut
100040105721223,2022-03-25 10:10:07.704000,Tutut
100014962631116,2022-03-25 10:10:33.840000,Tutut
100014962631116,2022-03-25 11:11:07.751000,Tutut
100014962631116,2022-03-25 12:12:03.349000,Tutut
100014962631116,2022-03-25 13:13:14.658000,Tutut
100040105721223,2022-03-25 13:13:16.601000,Tutut
100040105721223,2022-03-25 14:14:40.748000,Tutut
100014962631116,2022-03-25 14:14:43.637000,Tutut
100040105721223,2022-03-25 15:15:02.328000,Tutut
100014962631116,2022-03-25 15:15:55.199000,Tutut
100014962631116,2022-03-25 16:16:01.197000,Tutut
100014962631116,2022-03-25 17:17:08.027000,Tutut
100040105721223,2022-03-25 17:17:42.479000,Tutut
100040105721223,2022-03-25 19:19:41.373000,Tutut
100014962631116,2022-03-25 19:19:58.402000,Tutut
100040105721223,2022-03-25 22:22:09.579000,Tutut
100014962631116,2022-03-25 22:22:30.874000,Tutut
100040105721223,2022-03-25 23:23:07.497000,Tutut
100014962631116,2022-03-25 23:23:23.961000,Tutut
100014962631116,2022-03-26 01:01:11.952000,Tutut
100040105721223,2022-03-26 01:01:15.159000,Tutut
100014962631116,2022-03-26 10:10:07.165000,Tutut
100014962631116,2022-03-26 11:11:19.288000,Tutut
100014962631116,2022-03-26 12:12:06.946000,Tutut
100014962631116,2022-03-26 14:14:13.280000,Tutut
100014962631116,2022-03-26 18:18:13.126000,Tutut
100014962631116,2022-03-26 20:20:11.537000,Tutut
100014962631116,2022-03-26 21:21:11.897000,Tutut
100014962631116,2022-03-26 22:22:18.204000,Tutut
100014962631116,2022-03-26 23:23:17.527000,Tutut
100014962631116,2022-03-27 00:00:51.988000,Tutut
100014962631116,2022-03-27 01:01:11.044000,Tutut
100014962631116,2022-03-27 03:03:15.099000,Tutut
100014962631116,2022-03-27 04:04:23.061000,Tutut
100014962631116,2022-03-27 12:12:35.915000,Tutut
100040105721223,2022-03-27 14:14:26.445000,Tutut
100014962631116,2022-03-27 19:19:07.282000,Tutut
100040105721223,2022-03-27 19:19:39.866000,Tutut
100014962631116,2022-03-27 20:20:04.130000,Tutut
100040105721223,2022-03-27 22:22:09.931000,Tutut
100014962631116,2022-03-27 22:22:17.780000,Tutut
100014962631116,2022-03-28 12:12:05.966000,Tutut
100040105721223,2022-03-28 12:12:06.248000,Tutut
100014962631116,2022-03-28 13:13:03.703000,Tutut
100040105721223,2022-03-28 13:13:17.677000,Tutut
100014962631116,2022-03-28 14:14:19.251000,Tutut
100014962631116,2022-03-28 18:18:52.405000,Tutut
100040105721223,2022-03-28 19:19:13.695000,Tutut
100014962631116,2022-03-28 20:20:10.581000,Tutut
100040105721223,2022-03-28 20:20:46.161000,Tutut
100014962631116,2022-03-28 21:21:25.266000,Tutut
100014962631116,2022-03-28 23:23:08.235000,Tutut
100014962631116,2022-03-29 00:00:44.178000,Tutut
100014962631116,2022-03-29 01:01:17.962000,Tutut
100014962631116,2022-03-29 02:02:14.292000,Tutut
100040105721223,2022-03-29 10:10:03.026000,Tutut
100014962631116,2022-03-29 11:11:03.347000,Tutut
100040105721223,2022-03-29 11:11:24.857000,Tutut
100014962631116,2022-03-29 12:12:17.422000,Tutut
100040105721223,2022-03-29 13:13:50.145000,Tutut
100014962631116,2022-03-29 16:16:51.738000,Tutut
100040105721223,2022-03-29 17:17:24.406000,Tutut
100014962631116,2022-03-29 18:18:39.155000,Tutut
100014962631116,2022-03-29 19:19:12.255000,Tutut
100014962631116,2022-03-29 21:21:27.569000,Tutut
100014962631116,2022-03-29 22:22:04.313000,Tutut
100040105721223,2022-03-29 22:22:11.225000,Tutut
100014962631116,2022-03-29 23:23:18.396000,Tutut
100014962631116,2022-03-30 00:00:06.689000,Tutut
100014962631116,2022-03-30 01:01:22.476000,Tutut
100014962631116,2022-03-30 02:02:12.342000,Tutut
100040105721223,2022-03-30 11:11:10.155000,Tutut
100014962631116,2022-03-30 11:11:18.071000,Tutut
100014962631116,2022-03-30 12:12:25.539000,Tutut
100014962631116,2022-03-30 14:14:19.596000,Tutut
100014962631116,2022-03-30 15:15:15.546000,Tutut
100040105721223,2022-03-30 15:15:39.693000,Tutut
100040105721223,2022-03-30 17:17:58.947000,Tutut
100014962631116,2022-03-30 19:19:03.698000,Tutut
100014962631116,2022-03-30 20:20:08.570000,Tutut
100040105721223,2022-03-30 20:20:59.698000,Tutut
100040105721223,2022-03-31 09:09:14.316000,Tutut
100014962631116,2022-03-31 11:11:15.833000,Tutut
100014962631116,2022-03-31 12:12:13.020000,Tutut
100014962631116,2022-03-31 13:13:26.861000,Tutut
100040105721223,2022-03-31 14:14:12.858000,Tutut
100014962631116,2022-03-31 15:15:10.663000,Tutut
100014962631116,2022-03-31 16:16:08.453000,Tutut
100014962631116,2022-03-31 17:17:03.625000,Tutut
100014962631116,2022-03-31 18:18:17.902000,Tutut
100014962631116,2022-03-31 19:19:06.633000,Tutut
100040105721223,2022-03-31 19:19:18.965000,Tutut
100014962631116,2022-03-31 21:21:17.246000,Tutut
100014962631116,2022-03-31 22:22:01.141000,Tutut
100040105721223,2022-03-31 22:22:46.638000,Tutut
100014962631116,2022-04-01 00:00:16.001000,Tutut
100014962631116,2022-04-01 01:01:54.538000,Tutut
100014962631116,2022-04-01 10:10:20.980000,Tutut
100014962631116,2022-04-01 12:12:12.842000,Tutut
100014962631116,2022-04-01 13:13:12.139000,Tutut
100040105721223,2022-04-01 13:13:12.874000,Tutut
100014962631116,2022-04-01 14:14:00.546000,Tutut
100040105721223,2022-04-01 14:14:02.400000,Tutut
100040105721223,2022-04-01 15:15:27.009000,Tutut
100014962631116,2022-04-01 18:18:02.325000,Tutut
100014962631116,2022-04-01 20:20:32.663000,Tutut
100014962631116,2022-04-01 21:21:46.454000,Tutut
100040105721223,2022-04-01 22:22:12.360000,Tutut
100014962631116,2022-04-01 22:22:28.308000,Tutut
100014962631116,2022-04-02 11:11:22.092000,Tutut
100014962631116,2022-04-02 12:12:45.563000,Tutut
100014962631116,2022-04-02 17:17:07.949000,Tutut
100040105721223,2022-04-02 18:18:24.342000,Tutut
100014962631116,2022-04-02 19:19:43.140000,Tutut
100014962631116,2022-04-02 20:20:03.973000,Tutut
100014962631116,2022-04-02 22:22:18.911000,Tutut
100040105721223,2022-04-03 00:00:14.229000,Tutut
100014962631116,2022-04-03 01:01:47.768000,Tutut
100014962631116,2022-04-03 02:02:04.372000,Tutut
100014962631116,2022-04-03 12:12:47.451000,Tutut
100014962631116,2022-04-03 13:13:00.620000,Tutut
100014962631116,2022-04-03 14:14:00.272000,Tutut
100040105721223,2022-04-03 14:14:34.851000,Tutut
100014962631116,2022-04-03 15:15:18.231000,Tutut
100014962631116,2022-04-03 16:16:31.043000,Tutut
100014962631116,2022-04-03 19:19:46.272000,Tutut
100014962631116,2022-04-03 21:21:26.019000,Tutut
100014962631116,2022-04-03 22:22:25.917000,Tutut
100014962631116,2022-04-03 23:23:19.358000,Tutut
100040105721223,2022-04-04 09:09:12.249000,Tutut
100040105721223,2022-04-04 10:10:42.380000,Tutut
100014962631116,2022-04-04 11:11:00.533000,Tutut
100040105721223,2022-04-04 12:12:07.270000,Tutut
100014962631116,2022-04-04 12:12:20.698000,Tutut
100014962631116,2022-04-04 13:13:22.341000,Tutut
100040105721223,2022-04-04 14:14:31.084000,Tutut
100014962631116,2022-04-04 15:15:14.553000,Tutut
100040105721223,2022-04-04 15:15:19.710000,Tutut
100014962631116,2022-04-04 16:16:20.997000,Tutut
100014962631116,2022-04-04 17:17:08.097000,Tutut
100014962631116,2022-04-04 19:19:01.610000,Tutut
100014962631116,2022-04-04 20:20:00.497000,Tutut
100014962631116,2022-04-04 21:21:05.707000,Tutut
100014962631116,2022-04-04 22:22:37.250000,Tutut
100014962631116,2022-04-04 23:23:57.927000,Tutut
100014962631116,2022-04-05 00:00:03.187000,Tutut
100014962631116,2022-04-05 01:01:13.944000,Tutut
100014962631116,2022-04-05 02:02:11.271000,Tutut
100040105721223,2022-04-05 10:10:05.184000,Tutut
100014962631116,2022-04-05 11:11:07.978000,Tutut
100014962631116,2022-04-05 12:12:19.341000,Tutut
100014962631116,2022-04-05 13:13:01.888000,Tutut
100040105721223,2022-04-05 13:13:13.031000,Tutut
100014962631116,2022-04-05 15:15:13.497000,Tutut
100014962631116,2022-04-05 16:16:19.734000,Tutut
100040105721223,2022-04-05 17:17:16.488000,Tutut
100014962631116,2022-04-05 19:19:28.317000,Tutut
100014962631116,2022-04-05 20:20:07.847000,Tutut
100014962631116,2022-04-05 21:21:13.409000,Tutut
100014962631116,2022-04-05 22:22:03.455000,Tutut
100014962631116,2022-04-05 23:23:12.816000,Tutut
100014962631116,2022-04-06 00:00:15.501000,Tutut
100040105721223,2022-04-06 00:00:51.883000,Tutut
100014962631116,2022-04-06 01:01:16.111000,Tutut
100014962631116,2022-04-06 02:02:01.824000,Tutut
100040105721223,2022-04-06 10:10:07.591000,Tutut
100014962631116,2022-04-06 10:10:24.679000,Tutut
100014962631116,2022-04-06 11:11:22.921000,Tutut
100014962631116,2022-04-06 12:12:03.892000,Tutut
100014962631116,2022-04-06 13:13:34.727000,Tutut
100014962631116,2022-04-06 14:14:08.284000,Tutut
100040105721223,2022-04-06 14:14:35.831000,Tutut
100014962631116,2022-04-06 15:15:37.388000,Tutut
100040105721223,2022-04-06 16:16:10.963000,Tutut
100014962631116,2022-04-06 16:16:17.075000,Tutut
100014962631116,2022-04-06 20:20:49.231000,Tutut
100014962631116,2022-04-06 21:21:02.758000,Tutut
100040105721223,2022-04-06 21:21:56.621000,Tutut
100014962631116,2022-04-06 22:22:42.402000,Tutut
100014962631116,2022-04-06 23:23:40.854000,Tutut
100014962631116,2022-04-07 00:00:57.785000,Tutut
100014962631116,2022-04-07 10:10:28.587000,Tutut
100014962631116,2022-04-07 11:11:31.732000,Tutut
100014962631116,2022-04-07 13:13:38.453000,Tutut
100014962631116,2022-04-07 14:14:09.965000,Tutut
100014962631116,2022-04-07 15:15:25.938000,Tutut
100014962631116,2022-04-07 16:16:26.789000,Tutut
100014962631116,2022-04-07 17:17:24.710000,Tutut
100014962631116,2022-04-07 18:18:19.751000,Tutut
100014962631116,2022-04-07 19:19:21.414000,Tutut
100014962631116,2022-04-07 23:23:53.467000,Tutut
100014962631116,2022-04-08 01:01:06.412000,Tutut
100014962631116,2022-04-08 02:02:47.360000,Tutut
100040105721223,2022-04-08 09:09:41.172000,Tutut
100014962631116,2022-04-08 10:10:56.701000,Tutut
100040105721223,2022-04-08 13:13:05.742000,Tutut
100014962631116,2022-04-08 13:13:17.744000,Tutut
100014962631116,2022-04-08 15:15:31.246000,Tutut
100014962631116,2022-04-08 17:17:32.397000,Tutut
100014962631116,2022-04-08 19:19:31.600000,Tutut
100014962631116,2022-04-08 20:20:21.292000,Tutut
100014962631116,2022-04-08 21:21:14.572000,Tutut
100014962631116,2022-04-08 22:22:56.350000,Tutut
100014962631116,2022-04-09 00:00:35.472000,Tutut
100014962631116,2022-04-09 12:12:04.110000,Tutut
100014962631116,2022-04-09 14:14:20.736000,Tutut
100014962631116,2022-04-09 15:15:14.732000,Tutut
100014962631116,2022-04-09 17:17:30.279000,Tutut
100014962631116,2022-04-09 18:18:20.173000,Tutut
100014962631116,2022-04-09 19:19:02.829000,Tutut
100014962631116,2022-04-09 21:21:26.871000,Tutut
100014962631116,2022-04-09 22:22:26.838000,Tutut
100014962631116,2022-04-09 23:23:30.420000,Tutut
100014962631116,2022-04-10 00:00:08.333000,Tutut
100014962631116,2022-04-10 11:11:57.010000,Tutut
100014962631116,2022-04-10 12:12:48.143000,Tutut
100014962631116,2022-04-10 13:13:20.616000,Tutut
100014962631116,2022-04-10 15:15:23.084000,Tutut
100040105721223,2022-04-10 15:15:36.375000,Tutut
100040105721223,2022-04-10 16:16:05.920000,Tutut
100014962631116,2022-04-10 16:16:16.810000,Tutut
100040105721223,2022-04-10 17:17:06.778000,Tutut
100014962631116,2022-04-10 17:17:16.045000,Tutut
100040105721223,2022-04-10 18:18:02.940000,Tutut
100014962631116,2022-04-10 18:18:10.597000,Tutut
100014962631116,2022-04-10 19:19:06.496000,Tutut
100014962631116,2022-04-10 20:20:11.013000,Tutut
100014962631116,2022-04-10 21:21:43.405000,Tutut
100014962631116,2022-04-10 22:22:34.221000,Tutut
100014962631116,2022-04-11 00:00:13.661000,Tutut
100014962631116,2022-04-11 01:01:17.352000,Tutut
100014962631116,2022-04-11 11:11:14.790000,Tutut
100040105721223,2022-04-11 11:11:26.586000,Tutut
100014962631116,2022-04-11 12:12:21.373000,Tutut
100014962631116,2022-04-11 15:15:22.145000,Tutut
100014962631116,2022-04-11 16:16:45.392000,Tutut
100014962631116,2022-04-11 17:17:42.923000,Tutut
100014962631116,2022-04-11 18:18:49.615000,Tutut
100014962631116,2022-04-11 19:19:43.226000,Tutut
100040105721223,2022-04-11 20:20:13.925000,Tutut
100014962631116,2022-04-11 20:20:19.213000,Tutut
100014962631116,2022-04-11 21:21:25.658000,Tutut
100014962631116,2022-04-11 22:22:17.648000,Tutut
100040105721223,2022-04-11 22:22:31.172000,Tutut
100014962631116,2022-04-12 00:00:21.132000,Tutut
100014962631116,2022-04-12 10:10:08.120000,Tutut
100014962631116,2022-04-12 12:12:51.256000,Tutut
100014962631116,2022-04-12 14:14:03.998000,Tutut
100014962631116,2022-04-12 15:15:26.205000,Tutut
100014962631116,2022-04-12 16:16:30.009000,Tutut
100014962631116,2022-04-12 17:17:13.296000,Tutut
100040105721223,2022-04-12 17:17:25.466000,Tutut
100014962631116,2022-04-12 20:20:07.915000,Tutut
100014962631116,2022-04-12 22:22:03.399000,Tutut
100014962631116,2022-04-12 23:23:14.254000,Tutut
100014962631116,2022-04-13 00:00:19.325000,Tutut
100014962631116,2022-04-13 02:02:16.398000,Tutut
100014962631116,2022-04-13 10:10:08.855000,Tutut
100040105721223,2022-04-13 10:10:35.798000,Tutut
100014962631116,2022-04-13 13:13:00.375000,Tutut
100014962631116,2022-04-13 14:14:03.457000,Tutut
100040105721223,2022-04-13 14:14:18.171000,Tutut
100014962631116,2022-04-13 15:15:17.005000,Tutut
100040105721223,2022-04-13 15:15:22.307000,Tutut
100040105721223,2022-04-13 16:16:06.815000,Tutut
100014962631116,2022-04-13 18:18:16.289000,Tutut
100040105721223,2022-04-13 20:20:30.898000,Tutut
100040105721223,2022-04-13 21:21:05.019000,Tutut
100040105721223,2022-04-13 22:22:19.627000,Tutut
100040105721223,2022-04-13 23:23:11.036000,Tutut
100040105721223,2022-04-14 00:00:50.174000,Tutut
100014962631116,2022-04-14 01:01:50.240000,Tutut
100014962631116,2022-04-14 02:02:16.134000,Tutut
100040105721223,2022-04-14 10:10:15.805000,Tutut
100014962631116,2022-04-14 10:10:56.319000,Tutut
100040105721223,2022-04-14 12:12:45.006000,Tutut
100014962631116,2022-04-14 16:16:06.811000,Tutut
100014962631116,2022-04-14 17:17:13.921000,Tutut
100014962631116,2022-04-14 21:21:03.514000,Tutut
100040105721223,2022-04-14 21:21:14.877000,Tutut
100014962631116,2022-04-14 22:22:51.583000,Tutut
100014962631116,2022-04-15 00:00:01.416000,Tutut
100014962631116,2022-04-15 01:01:28.812000,Tutut
100014962631116,2022-04-15 10:10:15.474000,Tutut
100014962631116,2022-04-15 12:12:30.384000,Tutut
100040105721223,2022-04-15 14:14:50.708000,Tutut
100014962631116,2022-04-15 16:16:00.661000,Tutut
100014962631116,2022-04-15 17:17:01.552000,Tutut
100014962631116,2022-04-15 19:19:17.068000,Tutut
100014962631116,2022-04-15 20:20:28.126000,Tutut
100014962631116,2022-04-15 21:21:04.657000,Tutut
100014962631116,2022-04-15 22:22:15.355000,Tutut
100014962631116,2022-04-15 23:23:24.255000,Tutut
100014962631116,2022-04-16 00:00:38.232000,Tutut
100014962631116,2022-04-16 10:10:09.007000,Tutut
100014962631116,2022-04-16 11:11:32.658000,Tutut
100040105721223,2022-04-16 11:11:57.068000,Tutut
100014962631116,2022-04-16 12:12:07.856000,Tutut
100014962631116,2022-04-16 14:14:22.228000,Tutut
100040105721223,2022-04-16 15:15:03.614000,Tutut
100014962631116,2022-04-16 15:15:20.103000,Tutut
100014962631116,2022-04-16 16:16:13.234000,Tutut
100014962631116,2022-04-16 17:17:26.980000,Tutut
100040105721223,2022-04-16 17:17:29.418000,Tutut
100014962631116,2022-04-16 18:18:17.766000,Tutut
100014962631116,2022-04-16 19:19:55.261000,Tutut
100014962631116,2022-04-16 20:20:33.682000,Tutut
100014962631116,2022-04-16 23:23:16.887000,Tutut
100014962631116,2022-04-17 00:00:19.803000,Tutut
100014962631116,2022-04-17 01:01:10.465000,Tutut
100014962631116,2022-04-17 02:02:16.078000,Tutut
100014962631116,2022-04-17 10:10:49.990000,Tutut
100014962631116,2022-04-17 12:12:06.335000,Tutut
100040105721223,2022-04-17 12:12:18.363000,Tutut
100014962631116,2022-04-17 13:13:22.131000,Tutut
100014962631116,2022-04-17 14:14:20.516000,Tutut
100040105721223,2022-04-17 14:14:21.871000,Tutut
100014962631116,2022-04-17 20:20:38.732000,Tutut
100014962631116,2022-04-18 00:00:31.406000,Tutut
100014962631116,2022-04-18 02:02:22.200000,Tutut
100014962631116,2022-04-18 10:10:08.225000,Tutut
100014962631116,2022-04-18 11:11:34.680000,Tutut
100014962631116,2022-04-18 12:12:45.694000,Tutut
100014962631116,2022-04-18 13:13:13.907000,Tutut
100014962631116,2022-04-18 14:14:07.557000,Tutut
100014962631116,2022-04-18 15:15:12.034000,Tutut
100014962631116,2022-04-18 16:16:06.355000,Tutut
100014962631116,2022-04-18 17:17:07.243000,Tutut
100014962631116,2022-04-18 19:19:14.717000,Tutut
100014962631116,2022-04-18 20:20:07.858000,Tutut
100014962631116,2022-04-18 21:21:07.896000,Tutut
100014962631116,2022-04-18 22:22:04.333000,Tutut
100014962631116,2022-04-18 23:23:03.669000,Tutut
100014962631116,2022-04-19 00:00:05.397000,Tutut
100014962631116,2022-04-19 01:01:03.739000,Tutut
100014962631116,2022-04-19 02:02:13.627000,Tutut
100014962631116,2022-04-19 11:11:09.273000,Tutut
100040105721223,2022-04-19 11:11:26.879000,Tutut
100014962631116,2022-04-19 13:13:10.684000,Tutut
100040105721223,2022-04-19 13:13:24.972000,Tutut
100040105721223,2022-04-19 15:15:25.173000,Tutut
100014962631116,2022-04-19 15:15:29.722000,Tutut
